{"cameraMode":{"drawMode":0,"name":"Shaded","section":"Shading Mode"},"sceneLighting":true,"audioPlay":false,"sceneViewState":{"showFog":true,"showMaterialUpdate":true,"showSkybox":true,"showFlares":true,"showImageEffects":true,"showParticleSystems":true},"in2DMode":false,"pivot":{"x":7.508784294128418,"y":-2.018008232116699,"z":13.261167526245118},"rotation":{"x":0.12160296738147736,"y":0.12041009962558747,"z":-0.014867894351482392,"w":0.9851998090744019},"size":18.22745132446289,"orthographic":false}